"unit_or_view","production_path","rights","status","preferred_path","evidence"
"mp-area-119981199","","no production face asset approved","BLOCKED lawful image","lawful photo / field photography first","https://www.mountainproject.com/area/119981199/andys-candies https://openbeta.io/area/d2e2cf4c-f4a4-511c-8b9b-58b5fdb75768/andys-candies"
"mp-area-125752769","","no production face asset approved","BLOCKED lawful image","lawful photo / field photography first","https://www.mountainproject.com/area/125752769/art-deco-boulders"
"mp-area-125419005","","no production face asset approved","BLOCKED lawful image","lawful photo / field photography first","https://www.mountainproject.com/area/125419005/bang-boulder"
"mp-area-108057748","","no production face asset approved","BLOCKED lawful image","lawful photo / field photography first","https://www.mountainproject.com/area/108057748/big-mac-crack https://openbeta.io/area/49643775-7f85-5326-917c-40e0036de391/big-mac-crack"
"mp-area-125499343","","no production face asset approved","BLOCKED lawful image","lawful photo / field photography first","https://www.mountainproject.com/area/125499343/bingo-boulder"
"mp-area-118341819","","no production face asset approved","BLOCKED lawful image","lawful photo / field photography first","https://www.mountainproject.com/area/118341819/heart-and-sole https://openbeta.io/area/70663b9a-bf80-51ac-a593-81c0d0398b4f/heart-and-sole"
"mp-area-125427180","","no production face asset approved","BLOCKED lawful image","lawful photo / field photography first","https://www.mountainproject.com/area/125427180/kessel-run"
"mp-area-116181708","","no production face asset approved","BLOCKED lawful image","lawful photo / field photography first","https://www.mountainproject.com/area/116181708/marble-rye-boulder https://openbeta.io/area/8836aec6-20d0-5b53-8597-b7cfe5ef149d/marble-rye-boulder"
"mp-area-125206006","","no production face asset approved","BLOCKED lawful image","lawful photo / field photography first","https://www.mountainproject.com/area/125206006/mini-split-boulder"
"mp-area-200770349","","no production face asset approved","BLOCKED lawful image","lawful photo / field photography first","https://www.mountainproject.com/area/200770349/omashu"
"mp-area-114126100","","no production face asset approved","BLOCKED lawful image","lawful photo / field photography first","https://www.mountainproject.com/area/114126100/pyramid https://openbeta.io/area/358922ff-0c6f-5410-99a5-5fba73b08557/pyramid"
"mp-area-122116121","","no production face asset approved","BLOCKED lawful image","lawful photo / field photography first","https://www.mountainproject.com/area/122116121/rambo-boulder"
"mp-area-125230677","","no production face asset approved","BLOCKED lawful image","lawful photo / field photography first","https://www.mountainproject.com/area/125230677/robbedrepod"
"mp-area-202233182","","no production face asset approved","BLOCKED lawful image","lawful photo / field photography first","https://www.mountainproject.com/area/202233182/smooth-business"
"mp-area-114000100","","no production face asset approved","BLOCKED lawful image","lawful photo / field photography first","https://www.mountainproject.com/area/114000100/sorange-boulder https://openbeta.io/area/9ab5a487-2998-5faa-b357-a2f127db0575/sorange-boulder"
"mp-area-114200315","","no production face asset approved","BLOCKED lawful image","lawful photo / field photography first","https://www.mountainproject.com/area/114200315/venom-boulder https://openbeta.io/area/539d60ea-9196-573e-9a76-88ec0f0079ea/venom-boulder"
"mp-area-125212738","","no production face asset approved","BLOCKED lawful image","lawful photo / field photography first","https://www.mountainproject.com/area/125212738/the-bush-boulder"
"mp-area-105959355","","no production face asset approved","BLOCKED lawful image","lawful photo / field photography first","https://www.mountainproject.com/area/105959355/the-cube https://openbeta.io/area/a829a425-b593-5a69-b1eb-35656ef30362/the-cube"
"mp-area-200234406","","no production face asset approved","BLOCKED lawful image","lawful photo / field photography first","https://www.mountainproject.com/area/200234406/lava-adjacent-boulder"
"mp-area-110174546","","no production face asset approved","BLOCKED lawful image","lawful photo / field photography first","https://www.mountainproject.com/area/110174546/lava-boulder https://openbeta.io/area/89c199d1-a015-5314-875d-81c86eeef22f/lava-boulder"
"mp-area-200443140","","no production face asset approved","BLOCKED lawful image","lawful photo / field photography first","https://www.mountainproject.com/area/200443140/tomahawk-boulder"
"mp-area-114239653","","no production face asset approved","BLOCKED lawful image","lawful photo / field photography first","https://www.mountainproject.com/area/114239653/van-betten-boulder https://openbeta.io/area/a4600446-7b09-5353-a809-98a4ea696b02/van-betten-boulder"
"mp-area-200443089","","no production face asset approved","BLOCKED lawful image","lawful photo / field photography first","https://www.mountainproject.com/area/200443089/wagyu-boulder"
"mp-area-125155528","","no production face asset approved","BLOCKED lawful image","lawful photo / field photography first","https://www.mountainproject.com/area/125155528/wrong-boulder"
"mp-area-111106611","","no production face asset approved","BLOCKED lawful image","lawful photo / field photography first","https://www.mountainproject.com/area/111106611/600-boulder https://openbeta.io/area/036d9846-ae48-5dca-af18-4cf111a1ffab/dollar600-boulder"
"mp-area-106378780","","no production face asset approved","BLOCKED lawful image","lawful photo / field photography first","https://www.mountainproject.com/area/106378780/angel-dyno https://openbeta.io/area/31e106f6-2667-5ded-94a6-4a0767efd9a6/angel-dyno"
"mp-area-200619407","","no production face asset approved","BLOCKED lawful image","lawful photo / field photography first","https://www.mountainproject.com/area/200619407/around-the-world"
"mp-area-106964269","","no production face asset approved","BLOCKED lawful image","lawful photo / field photography first","https://www.mountainproject.com/area/106964269/barndoor-boulder https://openbeta.io/area/eff70c05-dbcd-5c54-87f4-cb5b8c4a8a66/barndoor-boulder"
"mp-area-106732667","","no production face asset approved","BLOCKED lawful image","lawful photo / field photography first","https://www.mountainproject.com/area/106732667/big-jugs https://openbeta.io/area/a349cc05-b5b4-538a-81f2-060a0504a5b5/big-jugs"
"mp-area-123856651","","no production face asset approved","BLOCKED lawful image","lawful photo / field photography first","https://www.mountainproject.com/area/123856651/black-warm-up-north"
"mp-area-123856648","","no production face asset approved","BLOCKED lawful image","lawful photo / field photography first","https://www.mountainproject.com/area/123856648/black-warm-up-south"
"mp-area-106799341","","no production face asset approved","BLOCKED lawful image","lawful photo / field photography first","https://www.mountainproject.com/area/106799341/bubble-butt-boulder https://openbeta.io/area/fd63e3c3-109e-5d17-80dc-eb89154e01b7/bubble-butt-boulder"
"mp-area-106732632","","no production face asset approved","BLOCKED lawful image","lawful photo / field photography first","https://www.mountainproject.com/area/106732632/burnout-boulder https://openbeta.io/area/2e653123-a3c9-5b9a-933e-0a71511b107c/burnout-boulder"
"mp-area-107430254","","no production face asset approved","BLOCKED lawful image","lawful photo / field photography first","https://www.mountainproject.com/area/107430254/the-butt-crack-boulder https://openbeta.io/area/c98b48db-a060-5c2f-b910-03695477ffb4/butt-crack-boulder-the"
"mp-area-120588274","","no production face asset approved","BLOCKED lawful image","lawful photo / field photography first","https://www.mountainproject.com/area/120588274/chess-boulder https://openbeta.io/area/7fbf3d1f-8dcf-5eef-b1cc-055c38605a0d/chess-boulder"
"mp-area-107430930","","no production face asset approved","BLOCKED lawful image","lawful photo / field photography first","https://www.mountainproject.com/area/107430930/the-croupier https://openbeta.io/area/ca11a30a-8e76-5578-becb-5fa6c953fed2/the-croupier"
"mp-area-126854441","","no production face asset approved","BLOCKED lawful image","lawful photo / field photography first","https://www.mountainproject.com/area/126854441/done-better-boulder"
"mp-area-127185616","","no production face asset approved","BLOCKED lawful image","lawful photo / field photography first","https://www.mountainproject.com/area/127185616/ecosystem-boulder"
"mp-area-111338565","","no production face asset approved","BLOCKED lawful image","lawful photo / field photography first","https://www.mountainproject.com/area/111338565/hound-dog-arete https://openbeta.io/area/dc293849-6686-5e3a-b165-484fce4d65d1/hound-dog-arete"
"mp-area-119994404","","no production face asset approved","BLOCKED lawful image","lawful photo / field photography first","https://www.mountainproject.com/area/119994404/peggy-boulder https://openbeta.io/area/4669af22-461a-5770-904a-1d4590ceef77/peggy-boulder"
"mp-area-107400752","","no production face asset approved","BLOCKED lawful image","lawful photo / field photography first","https://www.mountainproject.com/area/107400752/picante-sauce https://openbeta.io/area/5f43634c-0e13-5662-a924-4ad54cae1236/picante-sauce"
"mp-area-105959400","","no production face asset approved","BLOCKED lawful image","lawful photo / field photography first","https://www.mountainproject.com/area/105959400/potato-chip https://openbeta.io/area/0918eace-daa4-5304-82a5-944749e1d260/potato-chip"
"mp-area-116355933","","no production face asset approved","BLOCKED lawful image","lawful photo / field photography first","https://www.mountainproject.com/area/116355933/pretzel-boulder https://openbeta.io/area/5b41a2d1-46fd-5479-85fd-042a46a9ad06/pretzel-boulder"
"mp-area-116107548","","no production face asset approved","BLOCKED lawful image","lawful photo / field photography first","https://www.mountainproject.com/area/116107548/the-prowler-boulder https://openbeta.io/area/1119343f-5842-525b-9815-60f749130e0f/prowler-boulder-the"
"mp-area-110224264","","no production face asset approved","BLOCKED lawful image","lawful photo / field photography first","https://www.mountainproject.com/area/110224264/shady-lady-boulder https://openbeta.io/area/f215e8b5-06c9-5a0b-b280-0fd36d9cd4c4/shady-lady-boulder"
"mp-area-113973264","","no production face asset approved","BLOCKED lawful image","lawful photo / field photography first","https://www.mountainproject.com/area/113973264/the-shitter https://openbeta.io/area/2ab636bc-4071-5e5d-85fe-5c9f970f8901/the-shitter"
"mp-area-126016123","","no production face asset approved","BLOCKED lawful image","lawful photo / field photography first","https://www.mountainproject.com/area/126016123/south-of-main"
"mp-area-105959392","","no production face asset approved","BLOCKED lawful image","lawful photo / field photography first","https://www.mountainproject.com/area/105959392/the-split-boulder https://openbeta.io/area/6b5eaf89-4194-5d74-84e3-4d0bdaa65429/plumbers-crack"
"mp-area-202292980","","no production face asset approved","BLOCKED lawful image","lawful photo / field photography first","https://www.mountainproject.com/area/202292980/split-brick-boulder"
"mp-area-107430991","","no production face asset approved","BLOCKED lawful image","lawful photo / field photography first","https://www.mountainproject.com/area/107430991/super-scream-boulder https://openbeta.io/area/3dd093bf-c198-5c99-9d86-a676f84cdc40/super-scream-boulder"
"mp-area-200302919","","no production face asset approved","BLOCKED lawful image","lawful photo / field photography first","https://www.mountainproject.com/area/200302919/timepiece-boulder"
"mp-area-107429189","","no production face asset approved","BLOCKED lawful image","lawful photo / field photography first","https://www.mountainproject.com/area/107429189/ultimate-grandstaff https://openbeta.io/area/083f2ab7-7677-585f-abf1-f5e9dd483414/ultimate-grandstaff"
"mp-area-106657477","","no production face asset approved","BLOCKED lawful image","lawful photo / field photography first","https://www.mountainproject.com/area/106657477/warm-up-boulders-main https://openbeta.io/area/fd409330-0964-529e-badd-7e6492fd1bd8/warm-up-boulders-main"
"mp-area-122003728","","no production face asset approved","BLOCKED lawful image","lawful photo / field photography first","https://www.mountainproject.com/area/122003728/wayward-son"
"mp-area-107430957","","no production face asset approved","BLOCKED lawful image","lawful photo / field photography first","https://www.mountainproject.com/area/107430957/wolfgang-gullich-memorial-boulder https://openbeta.io/area/60c59bc7-d794-5b9c-8c6d-233b483e18f5/wolfgang-gullich-memorial-boulder"
"mp-area-200412165","","no production face asset approved","BLOCKED lawful image","lawful photo / field photography first","https://www.mountainproject.com/area/200412165/after-work-boulder"
"mp-area-202547607","","no production face asset approved","BLOCKED lawful image","lawful photo / field photography first","https://www.mountainproject.com/area/202547607/disappearing-dike-traverse"
"mp-area-125484924","","no production face asset approved","BLOCKED lawful image","lawful photo / field photography first","https://www.mountainproject.com/area/125484924/earth-tide-boulder"
"mp-area-121775048","","no production face asset approved","BLOCKED lawful image","lawful photo / field photography first","https://www.mountainproject.com/area/121775048/good-times-boulder https://openbeta.io/area/2c82a742-f269-5548-8708-c814f5cd8ae8/good-times-boulder"
"mp-area-106056258","/kraft/pearl-southeast-guide.webp","MTN-Club-original / Original MTN Club guide asset","original near-frontal southeast reconstruction; human/field review pending","original reconstruction quality control; human/field review pending","https://www.mountainproject.com/area/106056258/the-pearl https://openbeta.io/area/f669b1e7-d7f9-5bec-9210-43f00b401f95/the-pearl"
"mp-area-125692223","","no production face asset approved","BLOCKED lawful image","lawful photo / field photography first","https://www.mountainproject.com/area/125692223/swirly-arete-boulder"
"mp-area-125851761","","no production face asset approved","BLOCKED lawful image","lawful photo / field photography first","https://www.mountainproject.com/area/125851761/the-wake-boulder"
"mp-area-113802231","","no production face asset approved","BLOCKED lawful image","lawful photo / field photography first","https://www.mountainproject.com/area/113802231/the-wave-boulder https://openbeta.io/area/5bd0ce1f-096e-5fb8-bcc7-4604f9906501/the-wave-boulder"
"mp-area-106657514","","no production face asset approved","BLOCKED lawful image","lawful photo / field photography first","https://www.mountainproject.com/area/106657514/alexisizer https://openbeta.io/area/48f9b3ac-5deb-5021-90ee-1a1656350dfb/alexisizer"
"mp-area-106657496","","no production face asset approved","BLOCKED lawful image","lawful photo / field photography first","https://www.mountainproject.com/area/106657496/bills-boulder https://openbeta.io/area/9c2c22b1-6aec-5489-a8de-01d4b778e536/bills-boulder"
"mp-area-106800767","","no production face asset approved","BLOCKED lawful image","lawful photo / field photography first","https://www.mountainproject.com/area/106800767/caliman-boulder https://openbeta.io/area/0f688ed3-c3e2-5cf6-9fc2-b831a761af40/caliman-boulder"
"mp-area-106657507","","no production face asset approved","BLOCKED lawful image","lawful photo / field photography first","https://www.mountainproject.com/area/106657507/hot-tub-club https://openbeta.io/area/67db3297-4dd7-51c1-840a-60f3385e041c/hot-tub-club"
"mp-area-105937674","","no production face asset approved","BLOCKED lawful image","independent reconstruction research + field-photo comparison","https://www.mountainproject.com/area/105937674/monkey-bar-boulder https://openbeta.io/area/ddffcb90-f85f-5456-bf48-7ac36fa0cf0c/monkey-bar-boulder"
"mp-area-108595418","","no production face asset approved","BLOCKED lawful image","lawful photo / field photography first","https://www.mountainproject.com/area/108595418/short-cube-boulder https://openbeta.io/area/24857358-ce09-5256-979b-9edd1b090d4c/short-cube-boulder"
"mp-area-124064421","","no production face asset approved","BLOCKED lawful image","lawful photo / field photography first","https://www.mountainproject.com/area/124064421/slabby-pinnacle"
"mp-area-107406864","","no production face asset approved","BLOCKED lawful image","lawful photo / field photography first","https://www.mountainproject.com/area/107406864/snake-eyes https://openbeta.io/area/a1017568-e80a-5c52-ab40-7d3440ac7c8e/snake-eyes"
"mp-area-125556694","","no production face asset approved","BLOCKED lawful image","lawful photo / field photography first","https://www.mountainproject.com/area/125556694/yellow-submarine"
"mp-area-125230403","","no production face asset approved","BLOCKED lawful image","lawful photo / field photography first","https://www.mountainproject.com/area/125230403/great-white-prow"
"mp-area-125230582","","no production face asset approved","BLOCKED lawful image","lawful photo / field photography first","https://www.mountainproject.com/area/125230582/personal-perfection-boulder"
"ob-area-8cf3b9ff-49bd-5f3c-9f21-d6dfe564b9f0","","no production face asset approved","BLOCKED lawful image","lawful photo / field photography first","https://openbeta.io/area/8cf3b9ff-49bd-5f3c-9f21-d6dfe564b9f0/black-warm-up-boulders"
"ob-area-d315da8b-b355-5e19-8112-0e6d073180d7","","no production face asset approved","BLOCKED lawful image","lawful photo / field photography first","https://openbeta.io/area/d315da8b-b355-5e19-8112-0e6d073180d7/big-jugs-adjacent"
"ob-area-0cc93bf5-be90-4623-a413-d6d17f480f28","","no production face asset approved","BLOCKED lawful image","lawful photo / field photography first","https://openbeta.io/area/0cc93bf5-be90-4623-a413-d6d17f480f28/tomahawk-boulder"
"ob-area-7bd32660-9e2d-4895-8f42-1e87be4c578d","","no production face asset approved","BLOCKED lawful image","lawful photo / field photography first","https://openbeta.io/area/7bd32660-9e2d-4895-8f42-1e87be4c578d/wrong-boulder"
"thetopo-view-8535","","reference-only; never distribute source pixels/art","BLOCKED lawful image","independent legal image or original reviewed reconstruction","https://thetopo.com/crags/kraft-wash-red-rock/topos/600-boulder#topo-image-8535"
"thetopo-view-58482","","reference-only; never distribute source pixels/art","BLOCKED lawful image","independent legal image or original reviewed reconstruction","https://thetopo.com/crags/kraft-wash-red-rock/topos/600-boulder#topo-image-58482"
"thetopo-view-58483","","reference-only; never distribute source pixels/art","BLOCKED lawful image","independent legal image or original reviewed reconstruction","https://thetopo.com/crags/kraft-wash-red-rock/topos/600-boulder#topo-image-58483"
"thetopo-view-8569","","reference-only; never distribute source pixels/art","BLOCKED lawful image","independent legal image or original reviewed reconstruction","https://thetopo.com/crags/kraft-wash-red-rock/topos/slopey-traverse#topo-image-8569"
"thetopo-view-8522","","reference-only; never distribute source pixels/art","BLOCKED lawful image","independent legal image or original reviewed reconstruction","https://thetopo.com/crags/kraft-wash-red-rock/topos/barndoor-boulder-and-the-abyss#topo-image-8522"
"thetopo-view-8565","","reference-only; never distribute source pixels/art","BLOCKED lawful image","independent legal image or original reviewed reconstruction","https://thetopo.com/crags/kraft-wash-red-rock/topos/bathtub-boulder#topo-image-8565"
"thetopo-view-8566","","reference-only; never distribute source pixels/art","BLOCKED lawful image","independent legal image or original reviewed reconstruction","https://thetopo.com/crags/kraft-wash-red-rock/topos/bathtub-boulder#topo-image-8566"
"thetopo-view-8521","","reference-only; never distribute source pixels/art","BLOCKED lawful image","independent legal image or original reviewed reconstruction","https://thetopo.com/crags/kraft-wash-red-rock/topos/beth-wald-boulder#topo-image-8521"
"thetopo-view-8537","","reference-only; never distribute source pixels/art","BLOCKED lawful image","independent legal image or original reviewed reconstruction","https://thetopo.com/crags/kraft-wash-red-rock/topos/big-jugs#topo-image-8537"
"thetopo-view-8551","","reference-only; never distribute source pixels/art","BLOCKED lawful image","independent legal image or original reviewed reconstruction","https://thetopo.com/crags/kraft-wash-red-rock/topos/big-mac-crack#topo-image-8551"
"thetopo-view-8564","","reference-only; never distribute source pixels/art","BLOCKED lawful image","independent legal image or original reviewed reconstruction","https://thetopo.com/crags/kraft-wash-red-rock/topos/bubble-butt-boulder#topo-image-8564"
"thetopo-view-8746","","reference-only; never distribute source pixels/art","BLOCKED lawful image","independent legal image or original reviewed reconstruction","https://thetopo.com/crags/kraft-wash-red-rock/topos/bubble-butt-boulder#topo-image-8746"
"thetopo-view-8749","","reference-only; never distribute source pixels/art","BLOCKED lawful image","independent legal image or original reviewed reconstruction","https://thetopo.com/crags/kraft-wash-red-rock/topos/bubble-butt-boulder#topo-image-8749"
"thetopo-view-8515","","reference-only; never distribute source pixels/art","BLOCKED lawful image","independent legal image or original reviewed reconstruction","https://thetopo.com/crags/kraft-wash-red-rock/topos/butt-crack-boulder#topo-image-8515"
"thetopo-view-42217","","reference-only; never distribute source pixels/art","BLOCKED lawful image","independent legal image or original reviewed reconstruction","https://thetopo.com/crags/kraft-wash-red-rock/topos/butterfly-kiss#topo-image-42217"
"thetopo-view-58531","","reference-only; never distribute source pixels/art","BLOCKED lawful image","independent legal image or original reviewed reconstruction","https://thetopo.com/crags/kraft-wash-red-rock/topos/butterfly-kiss#topo-image-58531"
"thetopo-view-33994","","reference-only; never distribute source pixels/art","BLOCKED lawful image","independent legal image or original reviewed reconstruction","https://thetopo.com/crags/kraft-wash-red-rock/topos/caliman-boulder#topo-image-33994"
"thetopo-view-8553","","reference-only; never distribute source pixels/art","BLOCKED lawful image","independent legal image or original reviewed reconstruction","https://thetopo.com/crags/kraft-wash-red-rock/topos/heart-and-sole#topo-image-8553"
"thetopo-view-42216","","reference-only; never distribute source pixels/art","BLOCKED lawful image","independent legal image or original reviewed reconstruction","https://thetopo.com/crags/kraft-wash-red-rock/topos/hound-dog-arete#topo-image-42216"
"thetopo-view-8431","","reference-only; never distribute source pixels/art","BLOCKED lawful image","independent legal image or original reviewed reconstruction","https://thetopo.com/crags/kraft-wash-red-rock/topos/monkey-bar-boulder#topo-image-8431"
"thetopo-view-8432","","reference-only; never distribute source pixels/art","BLOCKED lawful image","independent legal image or original reviewed reconstruction","https://thetopo.com/crags/kraft-wash-red-rock/topos/monkey-bar-boulder#topo-image-8432"
"thetopo-view-58474","","reference-only; never distribute source pixels/art","BLOCKED lawful image","independent legal image or original reviewed reconstruction","https://thetopo.com/crags/kraft-wash-red-rock/topos/monkey-bar-boulder#topo-image-58474"
"thetopo-view-58475","","reference-only; never distribute source pixels/art","BLOCKED lawful image","independent legal image or original reviewed reconstruction","https://thetopo.com/crags/kraft-wash-red-rock/topos/monkey-bar-boulder#topo-image-58475"
"thetopo-view-8554","","reference-only; never distribute source pixels/art","BLOCKED lawful image","independent legal image or original reviewed reconstruction","https://thetopo.com/crags/kraft-wash-red-rock/topos/bill-s-boulder#topo-image-8554"
"thetopo-view-8525","","reference-only; never distribute source pixels/art","BLOCKED lawful image","independent legal image or original reviewed reconstruction","https://thetopo.com/crags/kraft-wash-red-rock/topos/picante-sauce#topo-image-8525"
"thetopo-view-8561","","reference-only; never distribute source pixels/art","BLOCKED lawful image","independent legal image or original reviewed reconstruction","https://thetopo.com/crags/kraft-wash-red-rock/topos/plumber-s-crack#topo-image-8561"
"thetopo-view-8562","","reference-only; never distribute source pixels/art","BLOCKED lawful image","independent legal image or original reviewed reconstruction","https://thetopo.com/crags/kraft-wash-red-rock/topos/plumber-s-crack#topo-image-8562"
"thetopo-view-8567","","reference-only; never distribute source pixels/art","BLOCKED lawful image","independent legal image or original reviewed reconstruction","https://thetopo.com/crags/kraft-wash-red-rock/topos/pretzel-boulder#topo-image-8567"
"thetopo-view-8549","","reference-only; never distribute source pixels/art","BLOCKED lawful image","independent legal image or original reviewed reconstruction","https://thetopo.com/crags/kraft-wash-red-rock/topos/sorange#topo-image-8549"
"thetopo-view-98676","","reference-only; never distribute source pixels/art","BLOCKED lawful image","independent legal image or original reviewed reconstruction","https://thetopo.com/crags/kraft-wash-red-rock/topos/spitting-venom#topo-image-98676"
"thetopo-view-8552","","reference-only; never distribute source pixels/art","BLOCKED lawful image","independent legal image or original reviewed reconstruction","https://thetopo.com/crags/kraft-wash-red-rock/topos/spitting-venom#topo-image-8552"
"thetopo-view-58534","","reference-only; never distribute source pixels/art","BLOCKED lawful image","independent legal image or original reviewed reconstruction","https://thetopo.com/crags/kraft-wash-red-rock/topos/super-scream#topo-image-58534"
"thetopo-view-58536","","reference-only; never distribute source pixels/art","BLOCKED lawful image","independent legal image or original reviewed reconstruction","https://thetopo.com/crags/kraft-wash-red-rock/topos/super-scream#topo-image-58536"
"thetopo-view-8517","","reference-only; never distribute source pixels/art","BLOCKED lawful image","independent legal image or original reviewed reconstruction","https://thetopo.com/crags/kraft-wash-red-rock/topos/the-angel-dyno#topo-image-8517"
"thetopo-view-8524","","reference-only; never distribute source pixels/art","BLOCKED lawful image","independent legal image or original reviewed reconstruction","https://thetopo.com/crags/kraft-wash-red-rock/topos/the-black-bitch#topo-image-8524"
"thetopo-view-8516","","reference-only; never distribute source pixels/art","BLOCKED lawful image","independent legal image or original reviewed reconstruction","https://thetopo.com/crags/kraft-wash-red-rock/topos/the-burnout-boulder#topo-image-8516"
"thetopo-view-8557","","reference-only; never distribute source pixels/art","BLOCKED lawful image","independent legal image or original reviewed reconstruction","https://thetopo.com/crags/kraft-wash-red-rock/topos/the-cube#topo-image-8557"
"thetopo-view-8558","","reference-only; never distribute source pixels/art","BLOCKED lawful image","independent legal image or original reviewed reconstruction","https://thetopo.com/crags/kraft-wash-red-rock/topos/the-cube#topo-image-8558"
"thetopo-view-8559","","reference-only; never distribute source pixels/art","BLOCKED lawful image","independent legal image or original reviewed reconstruction","https://thetopo.com/crags/kraft-wash-red-rock/topos/the-cube#topo-image-8559"
"thetopo-view-8560","","reference-only; never distribute source pixels/art","BLOCKED lawful image","independent legal image or original reviewed reconstruction","https://thetopo.com/crags/kraft-wash-red-rock/topos/the-cube#topo-image-8560"
"thetopo-view-8518","","reference-only; never distribute source pixels/art","BLOCKED lawful image","independent legal image or original reviewed reconstruction","https://thetopo.com/crags/kraft-wash-red-rock/topos/the-pearl#topo-image-8518"
"thetopo-view-58472","","reference-only; never distribute source pixels/art","BLOCKED lawful image","independent legal image or original reviewed reconstruction","https://thetopo.com/crags/kraft-wash-red-rock/topos/the-pearl#topo-image-58472"
"thetopo-view-42214","","reference-only; never distribute source pixels/art","BLOCKED lawful image","independent legal image or original reviewed reconstruction","https://thetopo.com/crags/kraft-wash-red-rock/topos/the-wave-18175#topo-image-42214"
"thetopo-view-58471","","reference-only; never distribute source pixels/art","BLOCKED lawful image","independent legal image or original reviewed reconstruction","https://thetopo.com/crags/kraft-wash-red-rock/topos/the-wave-18175#topo-image-58471"
"thetopo-view-42215","","reference-only; never distribute source pixels/art","BLOCKED lawful image","independent legal image or original reviewed reconstruction","https://thetopo.com/crags/kraft-wash-red-rock/topos/ultimate-grandstaff#topo-image-42215"
"thetopo-view-8523","","reference-only; never distribute source pixels/art","BLOCKED lawful image","independent legal image or original reviewed reconstruction","https://thetopo.com/crags/kraft-wash-red-rock/topos/warm-up-boulders-sector#topo-image-8523"
"thetopo-view-8550","","reference-only; never distribute source pixels/art","BLOCKED lawful image","independent legal image or original reviewed reconstruction","https://thetopo.com/crags/kraft-wash-red-rock/topos/warm-ups#topo-image-8550"
"thetopo-view-8563","","reference-only; never distribute source pixels/art","BLOCKED lawful image","independent legal image or original reviewed reconstruction","https://thetopo.com/crags/kraft-wash-red-rock/topos/wolfgang-gullich-memorial-boulder#topo-image-8563"
